Event Time,sourceAddress,destinationAddress
2015/10/14 08:17:40 EST,jared is a really cool guy,15.201.186.44
2015/10/14 08:17:43 EST,192.168.1.95,156.112.94.142
2015/10/14 08:17:56 EST,192.168.1.28,23.50.75.27
2015/10/14 08:18:02 EST,192.168.1.194,156.112.94.142
2015/10/14 08:18:03 EST,192.168.1.113,214.3.110.142
2015/10/14 08:18:07 EST,192.168.1.28,156.112.94.142
2015/10/14 08:18:11 EST,192.168.1.84,23.15.7.138
2015/10/14 08:18:16 EST,192.168.1.87,164.214.250.210
2015/10/14 08:18:16 EST,192.168.1.95,164.214.250.210
2015/10/14 08:18:21 EST,192.168.1.113,184.29.104.123
2015/10/14 08:18:21 EST,192.168.1.113,184.29.104.123
2015/10/14 08:18:24 EST,192.168.1.194,156.112.94.142
2015/10/14 08:18:29 EST,192.168.1.84,157.166.239.38
2015/10/14 08:18:29 EST,192.168.1.113,184.29.104.123
2015/10/14 08:18:40 EST,192.168.1.84,157.166.239.38
2015/10/14 08:18:40 EST,192.168.1.87,173.194.219.139
2015/10/14 08:18:40 EST,192.168.1.87,72.21.91.29
2015/10/14 08:18:45 EST,192.168.1.28,54.230.206.8
2015/10/14 08:18:45 EST,192.168.1.28,72.21.91.8
2015/10/14 08:18:45 EST,192.168.1.87,12.178.113.202
2015/10/14 08:18:45 EST,192.168.1.87,23.208.49.29
2015/10/14 08:18:46 EST,192.168.1.87,104.87.154.52
2015/10/14 08:18:48 EST,192.168.1.28,207.189.124.43
2015/10/14 08:18:48 EST,192.168.1.87,31.13.69.197
2015/10/14 08:18:48 EST,192.168.1.28,107.20.189.254
2015/10/14 08:18:50 EST,192.168.1.87,23.3.13.43
2015/10/14 08:18:50 EST,192.168.1.87,63.241.108.124
2015/10/14 08:18:51 EST,192.168.1.87,255.255.255.255
2015/10/14 08:18:51 EST,192.168.1.87,12.178.113.200
2015/10/14 08:18:52 EST,192.168.1.87,173.194.219.97
2015/10/14 08:18:57 EST,192.168.1.87,23.13.171.27
2015/10/14 08:18:59 EST,192.168.1.87,63.241.108.124
2015/10/14 08:19:00 EST,192.168.1.87,12.178.113.202
2015/10/14 08:19:03 EST,192.168.1.113,214.3.110.142
2015/10/14 08:19:03 EST,192.168.1.39,74.125.228.198
2015/10/14 08:19:10 EST,192.168.1.39,173.194.123.46
2015/10/14 08:19:28 EST,192.168.1.113,184.29.104.131
2015/10/14 08:19:28 EST,192.168.1.113,184.29.104.131
2015/10/14 08:19:33 EST,192.168.1.39,156.112.94.142
2015/10/14 08:19:39 EST,192.168.1.87,23.50.75.27
2015/10/14 08:19:39 EST,192.168.1.87,72.5.64.60
2015/10/14 08:19:39 EST,192.168.1.39,173.194.219.94
2015/10/14 08:19:39 EST,192.168.1.84,173.194.207.95
2015/10/14 08:19:40 EST,192.168.1.87,23.50.75.27
2015/10/14 08:19:40 EST,192.168.1.87,23.50.75.27
2015/10/14 08:19:46 EST,192.168.1.52,156.112.94.142
2015/10/14 08:19:46 EST,192.168.1.28,74.125.228.193
2015/10/14 08:19:51 EST,192.168.1.28,173.194.123.37
2015/10/14 08:19:51 EST,192.168.1.28,74.125.228.240
2015/10/14 08:19:51 EST,192.168.1.28,172.225.2.35
2015/10/14 08:19:58 EST,192.168.1.84,64.233.171.188
2015/10/14 08:19:59 EST,192.168.1.28,74.125.21.97
2015/10/14 08:20:03 EST,192.168.1.113,156.112.94.142
2015/10/14 08:20:06 EST,192.168.1.52,184.29.104.129
2015/10/14 08:20:14 EST,192.168.1.28,74.125.22.95
2015/10/14 08:20:18 EST,192.168.1.113,214.3.110.142
2015/10/14 08:20:18 EST,192.168.1.28,173.194.123.46
2015/10/14 08:20:18 EST,192.168.1.28,74.125.228.223
2015/10/14 08:20:20 EST,192.168.1.28,173.194.207.95
2015/10/14 08:20:29 EST,192.168.1.28,216.58.219.200
2015/10/14 08:20:29 EST,192.168.1.39,156.112.94.142
2015/10/14 08:20:40 EST,192.168.1.113,156.112.94.142
2015/10/14 08:20:48 EST,192.168.1.84,157.166.249.67
2015/10/14 08:20:58 EST,192.168.1.95,93.184.215.200
2015/10/14 08:20:58 EST,192.168.1.95,93.184.215.200
2015/10/14 08:21:04 EST,192.168.1.113,184.29.104.144
2015/10/14 08:21:14 EST,192.168.1.84,157.166.239.38
2015/10/14 08:21:20 EST,192.168.1.87,12.178.113.200
2015/10/14 08:21:24 EST,192.168.1.84,173.194.206.188
2015/10/14 08:21:24 EST,192.168.1.84,173.194.206.188
2015/10/14 08:21:32 EST,192.168.1.39,173.194.219.113
2015/10/14 08:21:47 EST,192.168.1.113,50.18.124.47
2015/10/14 08:21:48 EST,192.168.1.87,104.70.75.179
2015/10/14 08:21:50 EST,192.168.1.113,172.224.252.166
2015/10/14 08:21:52 EST,192.168.1.87,104.87.153.117
2015/10/14 08:21:55 EST,192.168.1.87,74.125.21.139
2015/10/14 08:21:59 EST,192.168.1.95,173.194.123.73
2015/10/14 08:22:00 EST,192.168.1.50,74.125.228.193
2015/10/14 08:22:02 EST,192.168.1.113,94.31.29.154
2015/10/14 08:22:04 EST,192.168.1.87,12.178.113.202
2015/10/14 08:22:05 EST,192.168.1.50,173.194.123.36
2015/10/14 08:22:13 EST,192.168.1.194,156.112.94.142
2015/10/14 08:22:22 EST,192.168.1.28,93.184.215.200
2015/10/14 08:22:22 EST,192.168.1.28,93.184.215.200
2015/10/14 08:22:22 EST,192.168.1.28,65.55.252.93
2015/10/14 08:22:31 EST,192.168.1.87,12.178.113.202
2015/10/14 08:22:35 EST,192.168.1.122,74.125.226.163
2015/10/14 08:22:41 EST,192.168.1.87,31.13.69.197
2015/10/14 08:22:41 EST,192.168.1.39,23.13.171.27
2015/10/14 08:22:41 EST,192.168.1.39,216.58.219.206
2015/10/14 08:22:41 EST,192.168.1.28,216.58.219.206
2015/10/14 08:22:42 EST,192.168.1.39,216.58.219.206
2015/10/14 08:22:43 EST,192.168.1.84,157.166.249.67
2015/10/14 08:22:43 EST,192.168.1.32,156.112.94.142
2015/10/14 08:22:43 EST,192.168.1.52,156.112.94.142
2015/10/14 08:22:44 EST,192.168.1.39,173.194.123.78
2015/10/14 08:22:48 EST,192.168.1.39,23.50.69.163
2015/10/14 08:22:48 EST,192.168.1.39,164.214.250.210
2015/10/14 08:22:49 EST,192.168.1.39,173.194.123.78
2015/10/14 08:22:49 EST,192.168.1.39,156.112.94.142
2015/10/14 08:22:53 EST,192.168.1.39,184.29.104.168
2015/10/14 08:22:54 EST,192.168.1.39,184.29.104.168
2015/10/14 08:22:54 EST,192.168.1.39,184.29.104.155
2015/10/14 08:22:54 EST,192.168.1.39,50.63.243.230
2015/10/14 08:22:54 EST,192.168.1.39,23.3.13.26
2015/10/14 08:22:54 EST,192.168.1.39,184.29.104.168
2015/10/14 08:22:54 EST,192.168.1.39,50.31.185.43
2015/10/14 08:22:54 EST,192.168.1.39,23.3.13.26
2015/10/14 08:22:54 EST,192.168.1.39,93.184.216.229
2015/10/14 08:22:54 EST,192.168.1.39,54.230.207.213
2015/10/14 08:22:54 EST,192.168.1.39,184.29.104.155
2015/10/14 08:22:54 EST,192.168.1.39,66.235.141.148
2015/10/14 08:22:54 EST,192.168.1.39,54.239.172.57
2015/10/14 08:22:54 EST,192.168.1.39,38.65.5.153
2015/10/14 08:23:05 EST,192.168.1.39,74.125.226.73
2015/10/14 08:23:05 EST,192.168.1.39,184.29.104.168
2015/10/14 08:23:05 EST,192.168.1.39,184.29.104.155
2015/10/14 08:23:05 EST,192.168.1.39,23.206.135.169
2015/10/14 08:23:05 EST,192.168.1.39,184.29.104.155
2015/10/14 08:23:05 EST,192.168.1.39,172.232.8.131
2015/10/14 08:23:05 EST,192.168.1.39,184.29.104.155
2015/10/14 08:23:05 EST,192.168.1.39,184.29.104.168
2015/10/14 08:23:05 EST,192.168.1.39,93.184.216.229
2015/10/14 08:23:05 EST,192.168.1.39,54.192.206.247
2015/10/14 08:23:09 EST,192.168.1.39,184.29.104.168
2015/10/14 08:23:09 EST,192.168.1.39,184.29.104.168
2015/10/14 08:23:09 EST,192.168.1.39,104.87.153.82
2015/10/14 08:23:09 EST,192.168.1.39,50.31.185.42
2015/10/14 08:23:09 EST,192.168.1.39,184.29.104.168
2015/10/14 08:23:09 EST,192.168.1.39,93.184.216.229
2015/10/14 08:23:09 EST,192.168.1.39,184.29.104.168
2015/10/14 08:23:09 EST,192.168.1.39,184.29.104.168
2015/10/14 08:23:09 EST,192.168.1.39,184.29.104.168
2015/10/14 08:23:09 EST,192.168.1.39,23.78.197.109
2015/10/14 08:23:09 EST,192.168.1.39,74.125.22.95
2015/10/14 08:23:09 EST,192.168.1.87,216.58.219.232
2015/10/14 08:23:09 EST,192.168.1.39,93.184.216.229
2015/10/14 08:23:09 EST,192.168.1.39,54.221.253.226
2015/10/14 08:23:09 EST,192.168.1.39,184.29.104.168
2015/10/14 08:23:09 EST,192.168.1.39,184.29.104.168
2015/10/14 08:23:09 EST,192.168.1.39,23.15.7.129
2015/10/14 08:23:09 EST,192.168.1.39,184.29.104.168
2015/10/14 08:23:09 EST,192.168.1.39,74.125.228.249
2015/10/14 08:23:09 EST,192.168.1.39,172.232.8.131
2015/10/14 08:23:09 EST,192.168.1.39,184.29.104.155
2015/10/14 08:23:09 EST,192.168.1.39,74.217.148.111
2015/10/14 08:23:09 EST,192.168.1.39,184.29.104.155
2015/10/14 08:23:09 EST,192.168.1.39,184.29.104.168
2015/10/14 08:23:09 EST,192.168.1.39,74.125.226.73
2015/10/14 08:23:09 EST,192.168.1.39,93.184.216.229
2015/10/14 08:23:09 EST,192.168.1.39,184.29.104.155
2015/10/14 08:23:09 EST,192.168.1.39,104.28.9.22
2015/10/14 08:23:09 EST,192.168.1.39,184.29.104.168
2015/10/14 08:23:09 EST,192.168.1.28,74.125.228.211
2015/10/14 08:23:09 EST,192.168.1.28,74.125.228.211
2015/10/14 08:23:09 EST,192.168.1.39,184.29.104.155
2015/10/14 08:23:09 EST,192.168.1.39,184.29.104.155
2015/10/14 08:23:09 EST,192.168.1.194,156.112.94.142
2015/10/14 08:23:09 EST,192.168.1.39,107.21.221.99
2015/10/14 08:23:10 EST,192.168.1.39,184.29.104.168
2015/10/14 08:23:10 EST,192.168.1.39,184.29.104.155
2015/10/14 08:23:10 EST,192.168.1.28,108.168.185.244
2015/10/14 08:23:10 EST,192.168.1.28,74.125.228.232
2015/10/14 08:23:10 EST,192.168.1.28,108.168.185.244
2015/10/14 08:23:10 EST,192.168.1.28,108.168.185.244
2015/10/14 08:23:10 EST,192.168.1.28,108.168.185.244
2015/10/14 08:23:10 EST,192.168.1.39,184.29.104.168
2015/10/14 08:23:10 EST,192.168.1.28,93.184.215.200
2015/10/14 08:23:10 EST,192.168.1.28,108.168.185.244
2015/10/14 08:23:10 EST,192.168.1.28,108.168.185.244
2015/10/14 08:23:10 EST,192.168.1.28,108.168.185.244
2015/10/14 08:23:10 EST,192.168.1.39,23.209.106.113
2015/10/14 08:23:10 EST,192.168.1.39,31.13.69.197
2015/10/14 08:23:10 EST,192.168.1.39,184.29.104.155
2015/10/14 08:23:10 EST,192.168.1.39,23.15.7.139
2015/10/14 08:23:10 EST,192.168.1.28,108.168.185.244
2015/10/14 08:23:10 EST,192.168.1.28,108.168.185.244
2015/10/14 08:23:10 EST,192.168.1.28,66.150.118.14
2015/10/14 08:23:10 EST,192.168.1.28,74.125.228.247
2015/10/14 08:23:10 EST,192.168.1.28,74.125.29.154
2015/10/14 08:23:10 EST,192.168.1.39,184.29.104.168
2015/10/14 08:23:10 EST,192.168.1.28,108.168.185.244
2015/10/14 08:23:10 EST,192.168.1.28,108.168.185.244
2015/10/14 08:23:10 EST,192.168.1.28,64.233.171.95
2015/10/14 08:23:10 EST,192.168.1.28,108.168.185.244
2015/10/14 08:23:10 EST,192.168.1.28,108.168.185.244
2015/10/14 08:23:10 EST,192.168.1.28,108.168.185.244
2015/10/14 08:23:10 EST,192.168.1.28,205.251.251.215
2015/10/14 08:23:10 EST,192.168.1.28,66.181.93.171
2015/10/14 08:23:10 EST,192.168.1.28,216.58.216.3
2015/10/14 08:23:10 EST,192.168.1.28,74.125.228.215
2015/10/14 08:23:10 EST,192.168.1.28,74.125.228.232
2015/10/14 08:23:10 EST,192.168.1.28,74.217.63.19
2015/10/14 08:23:10 EST,192.168.1.32,184.29.104.163
2015/10/14 08:23:10 EST,192.168.1.28,74.125.228.247
2015/10/14 08:23:10 EST,192.168.1.39,54.241.244.90
2015/10/14 08:23:10 EST,192.168.1.39,184.29.104.155
2015/10/14 08:23:25 EST,192.168.1.87,64.233.171.95
2015/10/14 08:23:25 EST,192.168.1.28,74.125.228.211
2015/10/14 08:23:33 EST,192.168.1.39,74.125.161.217
2015/10/14 08:23:36 EST,192.168.1.39,173.194.55.71
2015/10/14 08:23:36 EST,192.168.1.39,184.29.104.168
2015/10/14 08:23:36 EST,192.168.1.39,23.206.135.169
2015/10/14 08:23:36 EST,192.168.1.39,184.29.104.168
2015/10/14 08:23:37 EST,192.168.1.39,23.206.135.169
2015/10/14 08:23:37 EST,192.168.1.39,184.29.104.168
2015/10/14 08:23:37 EST,192.168.1.39,184.29.104.168
2015/10/14 08:23:37 EST,192.168.1.39,74.125.29.154
2015/10/14 08:23:38 EST,192.168.1.32,65.55.252.93
2015/10/14 08:23:40 EST,192.168.1.39,184.29.104.168
2015/10/14 08:23:40 EST,192.168.1.39,54.221.253.226
2015/10/14 08:23:40 EST,192.168.1.39,184.29.104.168
2015/10/14 08:23:40 EST,192.168.1.39,184.29.104.168
2015/10/14 08:23:40 EST,192.168.1.39,23.15.8.233
2015/10/14 08:23:40 EST,192.168.1.39,184.29.104.168
2015/10/14 08:23:40 EST,192.168.1.39,93.184.216.229
2015/10/14 08:23:40 EST,192.168.1.39,54.235.139.248
2015/10/14 08:23:40 EST,192.168.1.39,74.125.228.237
2015/10/14 08:23:40 EST,192.168.1.39,184.29.104.168
2015/10/14 08:23:40 EST,192.168.1.39,54.243.116.216
2015/10/14 08:23:40 EST,192.168.1.39,54.210.200.97
2015/10/14 08:23:40 EST,192.168.1.39,184.29.104.155
2015/10/14 08:23:40 EST,192.168.1.39,74.125.29.156
2015/10/14 08:23:40 EST,192.168.1.39,66.235.141.148
2015/10/14 08:23:40 EST,192.168.1.39,184.29.104.168
2015/10/14 08:23:40 EST,192.168.1.39,23.78.197.109
2015/10/14 08:23:40 EST,192.168.1.39,184.29.104.155
2015/10/14 08:23:40 EST,192.168.1.39,184.29.104.168
2015/10/14 08:23:40 EST,192.168.1.39,184.29.104.155
2015/10/14 08:23:40 EST,192.168.1.39,31.13.69.197
2015/10/14 08:23:40 EST,192.168.1.39,10.10.133.1
2015/10/14 08:23:40 EST,192.168.1.39,184.29.104.168
2015/10/14 08:23:40 EST,192.168.1.39,172.232.8.131
2015/10/14 08:23:40 EST,192.168.1.39,74.125.226.73
2015/10/14 08:23:43 EST,192.168.1.39,104.28.8.22
2015/10/14 08:23:43 EST,192.168.1.39,184.29.104.168
2015/10/14 08:23:43 EST,192.168.1.39,184.29.104.168
2015/10/14 08:23:43 EST,192.168.1.39,184.29.104.168
2015/10/14 08:23:43 EST,192.168.1.39,184.29.104.168
2015/10/14 08:23:43 EST,192.168.1.39,172.232.8.131
2015/10/14 08:23:43 EST,192.168.1.39,74.217.148.113
2015/10/14 08:23:43 EST,192.168.1.39,54.235.139.248
2015/10/14 08:23:43 EST,192.168.1.39,184.29.104.168
2015/10/14 08:23:43 EST,192.168.1.39,23.78.145.151
2015/10/14 08:23:43 EST,192.168.1.39,172.232.8.131
2015/10/14 08:23:43 EST,192.168.1.39,172.232.8.131
2015/10/14 08:23:43 EST,192.168.1.39,184.29.104.168
2015/10/14 08:23:43 EST,192.168.1.39,23.209.106.113
2015/10/14 08:23:43 EST,192.168.1.39,93.184.216.229
2015/10/14 08:23:43 EST,192.168.1.39,23.78.197.109
2015/10/14 08:23:43 EST,192.168.1.39,184.29.104.155
2015/10/14 08:23:43 EST,192.168.1.39,184.29.104.155
2015/10/14 08:23:43 EST,192.168.1.39,184.29.104.155
2015/10/14 08:23:43 EST,192.168.1.39,23.3.13.26
2015/10/14 08:23:43 EST,192.168.1.39,184.29.104.168
2015/10/14 08:23:43 EST,192.168.1.39,64.233.171.95
2015/10/14 08:23:43 EST,192.168.1.39,184.29.104.168
2015/10/14 08:23:43 EST,192.168.1.39,10.10.133.1
2015/10/14 08:23:43 EST,192.168.1.39,54.230.207.72
2015/10/14 08:23:43 EST,192.168.1.39,93.184.216.229
2015/10/14 08:23:43 EST,192.168.1.39,184.29.104.168
2015/10/14 08:23:44 EST,192.168.1.39,64.94.116.192
2015/10/14 08:23:44 EST,192.168.1.39,184.29.104.155
2015/10/14 08:23:44 EST,192.168.1.39,184.29.104.168
2015/10/14 08:23:44 EST,192.168.1.39,184.29.104.168
2015/10/14 08:23:49 EST,192.168.1.32,173.194.123.69
2015/10/14 08:23:49 EST,192.168.1.32,23.50.75.27
2015/10/14 08:23:49 EST,192.168.1.32,216.58.219.206
2015/10/14 08:23:51 EST,192.168.1.28,108.168.185.244
2015/10/14 08:23:51 EST,192.168.1.28,108.168.185.244
2015/10/14 08:23:51 EST,192.168.1.39,184.29.104.155
2015/10/14 08:23:51 EST,192.168.1.39,184.29.104.155
2015/10/14 08:23:51 EST,192.168.1.28,74.125.228.215
2015/10/14 08:23:51 EST,192.168.1.28,64.233.171.95
2015/10/14 08:23:51 EST,192.168.1.28,74.125.228.232
2015/10/14 08:23:51 EST,192.168.1.39,23.3.13.26
2015/10/14 08:23:51 EST,192.168.1.28,108.168.185.244
2015/10/14 08:23:51 EST,192.168.1.28,66.181.93.171
2015/10/14 08:23:52 EST,192.168.1.32,74.125.161.217
2015/10/14 08:23:52 EST,192.168.1.32,173.194.55.71
2015/10/14 08:23:52 EST,192.168.1.28,93.184.215.200
2015/10/14 08:23:52 EST,192.168.1.32,23.52.149.163
2015/10/14 08:23:54 EST,192.168.1.28,108.168.185.244
2015/10/14 08:23:54 EST,192.168.1.39,184.29.104.155
2015/10/14 08:23:54 EST,192.168.1.28,108.168.185.244
2015/10/14 08:23:54 EST,192.168.1.39,184.29.104.155
2015/10/14 08:23:54 EST,192.168.1.28,74.125.226.69
2015/10/14 08:23:54 EST,192.168.1.28,93.184.215.200
2015/10/14 08:23:54 EST,192.168.1.28,74.125.228.232
2015/10/14 08:23:54 EST,192.168.1.28,94.31.29.154
2015/10/14 08:23:54 EST,192.168.1.28,108.168.185.244
2015/10/14 08:23:54 EST,192.168.1.28,108.168.185.244
2015/10/14 08:23:54 EST,192.168.1.28,64.233.171.95
2015/10/14 08:23:54 EST,192.168.1.28,108.168.185.244
2015/10/14 08:23:54 EST,192.168.1.28,216.58.216.3
2015/10/14 08:23:54 EST,192.168.1.39,66.235.141.148
2015/10/14 08:23:54 EST,192.168.1.28,108.168.185.244
2015/10/14 08:23:54 EST,192.168.1.28,74.125.228.247
2015/10/14 08:23:54 EST,192.168.1.28,216.58.216.3
2015/10/14 08:23:54 EST,192.168.1.28,74.125.228.247
2015/10/14 08:23:54 EST,192.168.1.39,184.29.104.168
2015/10/14 08:23:54 EST,192.168.1.28,74.125.228.211
2015/10/14 08:23:54 EST,192.168.1.28,108.168.185.244
2015/10/14 08:23:54 EST,192.168.1.28,108.168.185.244
2015/10/14 08:23:54 EST,192.168.1.39,184.29.104.168
2015/10/14 08:23:54 EST,192.168.1.39,23.209.106.113
2015/10/14 08:23:54 EST,192.168.1.28,108.168.185.244
2015/10/14 08:23:54 EST,192.168.1.28,108.168.185.244
2015/10/14 08:23:54 EST,192.168.1.39,23.3.13.26
2015/10/14 08:23:54 EST,192.168.1.28,216.58.216.3
2015/10/14 08:23:54 EST,192.168.1.39,23.78.197.109
2015/10/14 08:23:54 EST,192.168.1.28,108.168.185.244
2015/10/14 08:23:54 EST,192.168.1.28,64.233.171.95
2015/10/14 08:23:54 EST,192.168.1.28,206.71.89.145
2015/10/14 08:23:54 EST,192.168.1.28,54.239.16.235
2015/10/14 08:23:54 EST,192.168.1.28,108.168.185.244
2015/10/14 08:23:54 EST,192.168.1.39,23.203.98.34
2015/10/14 08:23:54 EST,192.168.1.28,108.168.185.244
2015/10/14 08:23:54 EST,192.168.1.28,108.168.185.244
2015/10/14 08:23:54 EST,192.168.1.28,74.125.226.69
2015/10/14 08:23:54 EST,192.168.1.39,52.20.64.225
2015/10/14 08:23:54 EST,192.168.1.28,108.168.185.244
2015/10/14 08:23:54 EST,192.168.1.28,74.125.22.95
2015/10/14 08:23:54 EST,192.168.1.39,184.29.104.168
2015/10/14 08:23:56 EST,192.168.1.28,108.168.185.244
2015/10/14 08:23:56 EST,192.168.1.28,74.125.228.232
2015/10/14 08:23:56 EST,192.168.1.113,172.224.252.166
2015/10/14 08:23:56 EST,192.168.1.32,173.194.123.69
2015/10/14 08:23:59 EST,192.168.1.28,207.133.249.20
2015/10/14 08:24:02 EST,192.168.1.32,173.194.123.72
2015/10/14 08:24:02 EST,192.168.1.32,156.112.94.142
2015/10/14 08:24:02 EST,192.168.1.113,23.209.89.8
2015/10/14 08:24:05 EST,192.168.1.39,72.21.91.8
2015/10/14 08:24:05 EST,192.168.1.39,50.63.243.230
2015/10/14 08:24:06 EST,192.168.1.39,23.50.75.27
2015/10/14 08:24:09 EST,192.168.1.39,23.50.75.27
2015/10/14 08:24:09 EST,192.168.1.39,72.21.91.187
2015/10/14 08:24:10 EST,192.168.1.113,94.31.29.154
2015/10/14 08:24:13 EST,192.168.1.39,23.50.75.27
2015/10/14 08:24:13 EST,192.168.1.39,199.127.194.40
2015/10/14 08:24:13 EST,192.168.1.39,64.18.20.10
2015/10/14 08:24:16 EST,192.168.1.39,23.50.75.27
2015/10/14 08:24:16 EST,192.168.1.28,206.71.89.145
2015/10/14 08:24:16 EST,192.168.1.28,206.71.89.145
2015/10/14 08:24:16 EST,192.168.1.28,206.71.89.145
2015/10/14 08:24:16 EST,192.168.1.39,184.29.104.187
2015/10/14 08:24:16 EST,192.168.1.39,23.50.75.27
2015/10/14 08:24:18 EST,192.168.1.194,156.112.94.142
2015/10/14 08:24:18 EST,192.168.1.39,156.112.94.142
2015/10/14 08:24:20 EST,192.168.1.28,54.239.176.108
2015/10/14 08:24:20 EST,192.168.1.28,206.71.89.145
2015/10/14 08:24:20 EST,192.168.1.28,74.125.226.69
2015/10/14 08:24:21 EST,192.168.1.28,206.71.89.145
2015/10/14 08:24:22 EST,192.168.1.28,216.58.216.3
2015/10/14 08:24:22 EST,192.168.1.28,74.125.21.101
2015/10/14 08:24:22 EST,192.168.1.28,216.58.216.3
2015/10/14 08:24:22 EST,192.168.1.28,64.233.171.95
2015/10/14 08:24:22 EST,192.168.1.28,216.58.216.3
2015/10/14 08:24:22 EST,192.168.1.28,108.168.185.244
2015/10/14 08:24:23 EST,192.168.1.28,64.233.171.95
2015/10/14 08:24:23 EST,192.168.1.28,74.125.21.101
2015/10/14 08:24:24 EST,192.168.1.28,66.181.93.171
2015/10/14 08:24:24 EST,192.168.1.28,216.58.216.3
2015/10/14 08:24:24 EST,192.168.1.28,108.168.185.244
2015/10/14 08:24:24 EST,192.168.1.28,74.125.226.69
2015/10/14 08:24:24 EST,192.168.1.28,74.125.228.238
2015/10/14 08:24:24 EST,192.168.1.28,108.168.185.244
2015/10/14 08:24:24 EST,192.168.1.28,108.168.185.244
2015/10/14 08:24:24 EST,192.168.1.28,216.58.216.3
2015/10/14 08:24:27 EST,192.168.1.52,199.114.46.100
2015/10/14 08:24:29 EST,192.168.1.113,23.209.99.223
2015/10/14 08:24:30 EST,192.168.1.113,64.69.13.116
2015/10/14 08:24:32 EST,192.168.1.28,64.233.171.95
2015/10/14 08:24:33 EST,192.168.1.28,108.168.185.244
2015/10/14 08:24:36 EST,192.168.1.39,184.29.104.155
2015/10/14 08:24:36 EST,192.168.1.39,107.21.221.99
2015/10/14 08:24:36 EST,192.168.1.28,216.58.216.3
2015/10/14 08:24:36 EST,192.168.1.28,108.168.185.244
2015/10/14 08:24:36 EST,192.168.1.28,108.168.185.244
2015/10/14 08:24:37 EST,192.168.1.113,54.243.190.104
2015/10/14 08:24:37 EST,192.168.1.113,184.169.128.41
2015/10/14 08:24:40 EST,192.168.1.28,108.168.185.244
2015/10/14 08:24:40 EST,192.168.1.28,108.168.185.244
2015/10/14 08:24:40 EST,192.168.1.28,74.125.226.69
2015/10/14 08:24:40 EST,192.168.1.28,206.71.89.145
2015/10/14 08:24:40 EST,192.168.1.28,74.125.228.232
2015/10/14 08:24:40 EST,192.168.1.28,74.125.228.232
2015/10/14 08:24:40 EST,192.168.1.28,108.168.185.244
2015/10/14 08:24:40 EST,192.168.1.28,206.71.89.145
2015/10/14 08:24:40 EST,192.168.1.28,108.168.185.244
2015/10/14 08:24:40 EST,192.168.1.28,108.168.185.244
2015/10/14 08:24:40 EST,192.168.1.28,206.71.89.145
2015/10/14 08:24:40 EST,192.168.1.28,64.233.171.95
2015/10/14 08:24:40 EST,192.168.1.39,184.29.104.155
2015/10/14 08:24:40 EST,192.168.1.39,184.29.104.168
2015/10/14 08:24:40 EST,192.168.1.39,184.29.104.155
2015/10/14 08:24:40 EST,192.168.1.28,74.125.228.247
2015/10/14 08:24:40 EST,192.168.1.28,74.125.226.69
2015/10/14 08:24:40 EST,192.168.1.39,23.3.13.26
2015/10/14 08:24:40 EST,192.168.1.28,74.125.228.232
2015/10/14 08:24:40 EST,192.168.1.28,108.168.185.244
2015/10/14 08:24:40 EST,192.168.1.28,74.125.228.247
2015/10/14 08:24:40 EST,192.168.1.28,108.168.185.244
2015/10/14 08:24:40 EST,192.168.1.39,10.10.133.1
2015/10/14 08:24:40 EST,192.168.1.28,74.125.228.247
2015/10/14 08:24:40 EST,192.168.1.28,10.10.133.1
2015/10/14 08:24:40 EST,192.168.1.28,74.125.228.247
2015/10/14 08:24:40 EST,192.168.1.39,184.29.104.155
2015/10/14 08:24:40 EST,192.168.1.28,108.168.185.244
2015/10/14 08:24:40 EST,192.168.1.28,108.168.185.244
2015/10/14 08:24:40 EST,192.168.1.28,74.125.228.232
2015/10/14 08:24:40 EST,192.168.1.39,66.235.141.148
2015/10/14 08:24:40 EST,192.168.1.28,74.125.226.69
2015/10/14 08:24:40 EST,192.168.1.28,216.58.216.3
2015/10/14 08:24:40 EST,192.168.1.28,64.233.171.95
2015/10/14 08:24:40 EST,192.168.1.28,216.58.216.3
2015/10/14 08:24:40 EST,192.168.1.39,23.235.39.249
2015/10/14 08:24:40 EST,192.168.1.28,108.168.185.244
2015/10/14 08:24:40 EST,192.168.1.28,108.168.185.244
2015/10/14 08:24:40 EST,192.168.1.28,108.168.185.244
2015/10/14 08:24:40 EST,192.168.1.28,173.194.121.57
2015/10/14 08:24:40 EST,192.168.1.39,184.29.104.168
2015/10/14 08:24:44 EST,192.168.1.52,199.114.46.100
2015/10/14 08:24:45 EST,192.168.1.84,157.166.239.38
2015/10/14 08:24:48 EST,192.168.1.28,216.58.216.3
2015/10/14 08:24:48 EST,192.168.1.28,74.125.226.69
2015/10/14 08:24:48 EST,192.168.1.28,74.125.21.101
2015/10/14 08:24:48 EST,192.168.1.28,108.168.185.244
2015/10/14 08:24:48 EST,192.168.1.28,74.125.21.101
2015/10/14 08:24:48 EST,192.168.1.28,74.125.21.101
2015/10/14 08:24:48 EST,192.168.1.28,74.125.226.69
2015/10/14 08:24:48 EST,192.168.1.28,108.168.185.244
2015/10/14 08:24:48 EST,192.168.1.39,23.203.88.184
2015/10/14 08:24:48 EST,192.168.1.52,199.114.46.114
2015/10/14 08:24:48 EST,192.168.1.28,207.133.249.20
2015/10/14 08:24:48 EST,192.168.1.28,108.168.185.244
2015/10/14 08:24:48 EST,192.168.1.28,74.125.21.101
2015/10/14 08:24:52 EST,192.168.1.84,157.166.249.67
2015/10/14 08:24:53 EST,192.168.1.28,74.125.228.238
2015/10/14 08:24:54 EST,192.168.1.28,108.168.185.244
2015/10/14 08:24:54 EST,192.168.1.28,64.233.171.95
2015/10/14 08:24:58 EST,192.168.1.28,108.168.185.244
2015/10/14 08:24:58 EST,192.168.1.28,216.58.216.3
2015/10/14 08:24:58 EST,192.168.1.28,74.125.21.101
2015/10/14 08:24:58 EST,192.168.1.28,74.125.228.217
2015/10/14 08:24:58 EST,192.168.1.28,74.125.226.69
2015/10/14 08:24:58 EST,192.168.1.28,108.168.185.244
2015/10/14 08:24:58 EST,192.168.1.28,64.233.171.95
2015/10/14 08:24:58 EST,192.168.1.28,66.150.118.14
2015/10/14 08:24:58 EST,192.168.1.28,206.71.89.145
2015/10/14 08:24:58 EST,192.168.1.28,216.58.216.3
2015/10/14 08:25:04 EST,192.168.1.28,74.125.226.95
2015/10/14 08:25:04 EST,192.168.1.95,74.125.228.206
2015/10/14 08:25:05 EST,192.168.1.28,108.168.185.244
2015/10/14 08:25:06 EST,192.168.1.28,66.181.93.171
2015/10/14 08:25:09 EST,192.168.1.28,74.125.228.210
2015/10/14 08:25:09 EST,192.168.1.95,74.125.21.136
2015/10/14 08:25:10 EST,192.168.1.28,206.71.89.145
2015/10/14 08:25:10 EST,192.168.1.39,184.29.104.168
2015/10/14 08:25:10 EST,192.168.1.39,184.29.104.168
2015/10/14 08:25:12 EST,192.168.1.28,216.58.216.3
2015/10/14 08:25:12 EST,192.168.1.28,66.181.93.171
2015/10/14 08:25:12 EST,192.168.1.28,74.125.226.69
2015/10/14 08:25:12 EST,192.168.1.28,64.233.171.95
2015/10/14 08:25:12 EST,192.168.1.28,216.58.216.3
2015/10/14 08:25:17 EST,192.168.1.39,184.29.104.155
2015/10/14 08:25:17 EST,192.168.1.28,206.71.89.145
2015/10/14 08:25:17 EST,192.168.1.39,184.29.104.168
2015/10/14 08:25:17 EST,192.168.1.28,64.233.171.95
2015/10/14 08:25:17 EST,192.168.1.28,216.58.216.3
2015/10/14 08:25:17 EST,192.168.1.28,216.58.216.3
2015/10/14 08:25:17 EST,192.168.1.28,216.58.216.3
2015/10/14 08:25:17 EST,192.168.1.28,64.233.171.95
2015/10/14 08:25:17 EST,192.168.1.28,74.125.21.101
2015/10/14 08:25:17 EST,192.168.1.28,74.125.21.101
2015/10/14 08:25:17 EST,192.168.1.28,216.58.216.3
2015/10/14 08:25:17 EST,192.168.1.28,206.71.89.145
2015/10/14 08:25:18 EST,192.168.1.28,74.125.226.69
2015/10/14 08:25:18 EST,192.168.1.28,74.125.21.101
2015/10/14 08:25:18 EST,192.168.1.39,184.73.227.129
2015/10/14 08:25:18 EST,192.168.1.28,74.125.226.69
2015/10/14 08:25:18 EST,192.168.1.28,216.58.216.3
2015/10/14 08:25:18 EST,192.168.1.39,184.29.104.168
2015/10/14 08:25:19 EST,192.168.1.28,206.71.89.145
2015/10/14 08:25:19 EST,192.168.1.28,64.233.171.95
2015/10/14 08:25:19 EST,192.168.1.39,184.29.104.168
2015/10/14 08:25:19 EST,192.168.1.28,206.71.89.145
2015/10/14 08:25:19 EST,192.168.1.28,216.58.216.3
2015/10/14 08:25:19 EST,192.168.1.28,64.233.171.95
2015/10/14 08:25:19 EST,192.168.1.28,64.233.171.95
2015/10/14 08:25:19 EST,192.168.1.87,12.178.113.202
2015/10/14 08:25:19 EST,192.168.1.39,184.29.104.168
2015/10/14 08:25:19 EST,192.168.1.28,66.150.118.14
2015/10/14 08:25:19 EST,192.168.1.28,74.125.21.101
2015/10/14 08:25:19 EST,192.168.1.28,216.58.216.3
2015/10/14 08:25:20 EST,192.168.1.28,216.58.216.3
2015/10/14 08:25:20 EST,192.168.1.28,74.125.21.101
2015/10/14 08:25:20 EST,192.168.1.28,216.58.216.3
2015/10/14 08:25:20 EST,192.168.1.32,93.184.215.200